Barcode,Commercial Gene,TAP Gene
....GG......BB........YY......YY,AATK,AATK
............YYBBYY..........RR..,ABL1,ABL1
......RR........BB........RR..RR,ABL2,ABL2
BB............YY..YY....YY......,ACACB,RSPO2
....BB....BB........RR..RR......,ACE,ACE
......RR......GGRR......BB......,ACKR1,ACKR1
..BB..BBGG....BB................,ACKR3,ACKR3
GG..GGBB......................BB,ACKR4,ACKR4
YY..RR........GG........YY......,ACTA2,ACTA2
BB............GG........RR..GG..,ACTG2,ACTG2
GG............GG..RR....BB......,ACVR1,ACVR1
RR....RR......RR..............GG,ACVR1B,ACVR1B
..BB....RR............BB....BB..,ACVR2A,ACVR2A
........RR......BB......BB..RR..,ACVRL1,ACVRL1
............BBGG....GG..BB......,ADGRA2,ADGRA2
......GG............YY....GG..YY,ADGRA3,ADGRA3
GG......BB............GG......GG,ADGRE2,ADGRE2
........GGBB..............RR..YY,ADGRE5,ADGRE5
YY....YY..............RR..YY....,ADGRF1,ADGRF1
GG............RRRR....GG........,ADGRF3,ADGRF3
..........YY......GGRRBB........,ADGRF5,ADGRF5
............YY..........RRGG..BB,ADGRG1,ADGRG1
RR......YY..RRYY................,ADGRG3,ADGRG3
GGGG......GG..................YY,ADGRG5,ADGRG5
..YYYY..YY..RR..................,ADGRG6,ADGRG6
..........YY......BB..RRBB......,ADGRL1,ADGRL1
........YYBB......YY........YY..,ADGRL2,ADGRL2
........GG....BB......RRRR......,ADGRL4,ADGRL4
BBBB......................GG..GG,ADGRV1,ADGRV1
YYGG..........GG......YY........,ADIPOQ,ADIPOQ
YY..GG........BB......GG........,ADIRF,ADIRF
..RR..............BB......BB..BB,ADM2,ADM2
BB..GG..................YY....GG,AGR2,AGR2
......YY....BB....BB..BB........,AHI1,AHI1
..........BBYY....BB....GG......,AHR,AHR
GGYY..............BB......GG....,AIF1,ADGRF4
........YYBBRR......RR..........,AKT1,AKT1
GGGG..YY............BB..........,ALCAM,ALCAM
....RRRR......BBBB..............,ANGPT1,ANGPT1
........GGBB............BB..GG..,ANGPT2,ANGPT2
RR..............RRBBBB..........,ANGPTL1,ANGPTL1
RR....................RR....YYGG,ANKRD1,ACE2
..............BBRRBB........BB..,ANXA1,ANXA1
..YYRRYY......GG................,ANXA2,ANXA2
......YY......YY......YY....GG..,ANXA4,ANXA4
YY....RRGG................BB....,APOA1,APOA1
......................BBGG..BBGG,APOC1,ADGRD1
............RR..YY..RR........BB,APOD,APOD
....RR......YY....RR......YY....,APOE,SLC2A4
..........YY..BB........RR..RR..,APP,APP
....BB..........GG......RRBB....,AQP3,AQP3
......GG..........GG..YY......YY,AR,AR
..........BB....YY........RRYY..,AREG,AREG
..GG........RR..........YY....GG,ARF1,ARF1
..GG....YY......RR........BB....,ARG1,ARG1
....GGYY..............GGRR......,ARHGDIB,ARHGDIB
RR..................BB....BBGG..,ARID5B,G6PC2
GGGG..........RR..........RR....,ATF3,ATF3
RR......GGBBYY..................,ATG10,ATG10
..BB....GGRR..................BB,ATG12,ATG12
....RRRRGG........RR............,ATG5,ATG5
............BB....BB......GG..YY,ATM,ATM
YY....GGRR..............RR......,ATP5F1E,LEFTY2
....GGYY..YY..................RR,ATR,ATR
GG..YY............RRGG..........,AXL,AXL
........BB......YY....YY......YY,AZGP1,AZGP1
......BB........YYGGBB..........,AZU1,AZU1
....YY........RR......GG....GG..,B2M,B2M
..YY........RR..............YYBB,B3GNT7,B3GNT7
....BB......RRYY..........GG....,BAG3,BAG3
..........YY....GG..BB......RR..,BAX,BAX
................YY..GGBBRR......,BBLN,PPBP
YYRR..............YYGG..........,BCL2,BCL2
YY......GGGG....RR..............,BCL2L1,BCL2L1
BB................RR......GGGG..,BECN1,BECN1
................RRGG....BB....BB,BEST1,BEST1
......GGBB....GG............GG..,BGN,BGN
........BBRR........GGBB........,BID,BID
........GG....GG....YY........YY,BIRC5,BIRC5
......................GG..YYRRRR,BMP1,BMP1
......YY............BBYY..BB....,BMP2,BMP2
..GG................GG..BB....RR,BMP3,BMP3
........BB......GGGG..........GG,BMP4,BMP4
..RRBB..............YYYY........,BMP5,BMP5
..GGYY....GG............RR......,BMP7,BMP7
......BB................GGRR..BB,BMPR1A,BMPR1A
..YY................BBRR......RR,BMPR2,BMPR2
......YY..RRBB............RR....,BRCA1,BRCA1
..BB......GG..GG....RR..........,BST1,BST1
........BB....BB..YY..YY........,BST2,BST2
..........YY....BB......GG..YY..,BTF3,CCL4L2
......YY............RR..GG..GG..,BTG1,BTG1
..GG......GGYY........RR........,BTK,BTK
........BB....GG....GG....YY....,C11orf96,C11orf96
..............GGGG..RRBB........,C1QA,C1QA
............GG..GG......GGYY....,C1QB,C1QB
..................GGBB..YYBB....,C1QC,C1QC
..RR..........RR......YY......BB,C5AR2,C5AR2
BB............YYRR........RR....,CACNA1C,ANGPT4
....GG..........BB......BBRR....,CALB1,CALB1
RR......BB....RR........RR......,CALD1,CALD1
BBRR......YY..........GG........,CALM1,CALM1
..YY........BB..GG..BB..........,CALM2,CALM2
..RR....YY..............YYGG....,CALM3,CALM3
......BB......GG..YYRR..........,CAMP,CAMP
....BB..........YY..RRGG........,CARMN,PROKR1
..........RRRR....RR........BB..,CASP3,CASP3
..RR....YY..YYRR................,CASP8,CASP8
............GG..YYYY......GG....,CASR,CASR
RR..GG........GG....GG..........,CAV1,CAV1
....YY..BB............BB......BB,CCL11,CCL11
....RR......RRRRGG..............,CCL13,CCL13
......GG........YYBB........YY..,CCL15,CCL15
............RR..GG....GGRR......,CCL18,CCL18
..BBBB....RR..............GG....,CCL19,CCL19
..RR......GGRRBB................,CCL2,CCL2
......GG........BBGG......GG....,CCL20,CCL20
YY......GG..........RR......YY..,CCL21,CCL21
......GGYYRR..................RR,CCL26,CCL26
......YYBB......RR........YY....,CCL28,CCL28
..GG................BBBB..GG....,CCL3/L1/L3,CCL3
..YY..GG........GG......BB......,CCL4/L1/L2,CCL4
........BB..RR....BB..RR........,CCL5,CCL5
......YY....BB..........BB....BB,CCL8,CCL8
........GG..YY..RR......GG......,CCND1,CCND1
..........GGGG....BB......RR....,CCR1,CCR1
RR....BB........YY......RR......,CCR10,CCR10
BB......BBYY......YY............,CCR2,CCR2
..BB........YY......BB........YY,CCR5,CCR5
..GGBB....BB..................RR,CCR7,CCR7
YY......YY..............GG..GG..,CCRL2,CCRL2
......BB....BB..BB......GG......,CD14,CD14
....BB....GGRR..........YY......,CD163,CD163
BB..YY................BBRR......,CD164,CD164
........BB....RRBB..BB..........,CD19,CD19
..GG..BBBBRR....................,CD2,CD2
........GG..RR......BB....RR....,CD209,CD209
..................YYRR..BBRR....,CD24,CD24
GG................RR......RR..GG,CD27,CD27
RR..GG......YY....GG............,CD274,CD274
GGBB................RR........RR,CD276,CD276
..BB......GG..........GG....GG..,CD28,CD28
..........RR......BBRR......YY..,CD300A,CD300A
......RR....GG....BB....RR......,CD33,CD33
..........YYGG..BB..RR..........,CD34,CD34
..BB..................YYGGBB....,CD36,CD36
RRGG..............RR........BB..,CD37,CD37
......BB....RR............BB..GG,CD38,CD38
GGBB..RRRR......................,CD3D,CD3D
..GG..RR..BB....YY..............,CD3E,CD3E
..BBBB............GG..........GG,CD3G,CD3G
..RR......GG........GG........BB,CD4,CD4
..................BB....RRRRGG..,CD40,CD40
........BB......RR..........YYBB,CD40LG,CD40LG
GG..BB..BBRR....................,CD44,CD44
......RR..............YYRR..YY..,CD47,CD47
..GG......GG..YYRR..............,CD48,CD48
..YY..YY............YY........GG,CD52,CD52
YY..........YY......YYGG........,CD53,CD53
..............GG..BBGGRR........,CD55,CD55
....GG........GG........BB..BB..,CD58,CD58
............BBRR........RR....GG,CD59,CD59
YY........RR....GG............RR,CD5L,CD5L
GG........RR..........RR......BB,CD63,CD63
....GG....YY....RR........GG....,CD68,CD68
............RR..RR....YY......GG,CD69,CD69
..GGYY..............GG......GG..,CD70,CD70
......YY....YY........GG......GG,CD74,CD74
..YY........GG..YY..........BB..,CD79A,CD79A
....YY........YYBB..GG..........,CD80,CD80
....BB....BB..BB............GG..,CD81,CD81
..........GGYY..RR............RR,CD83,CD83
..........RR......YY......YYRR..,CD84,CD84
..............GGYY....GGYY......,CD86,CD86
YY..........GG........BB..GG....,CD8A,CD8A
..................RR....YY..BBBB,CD8B,CD8B
....BB..YY........YY..........BB,CD9,CD9
RR..BB................GG......RR,CDH1,CDH1
BB................BB..YYGG......,CDH11,CDH11
..BB................GGBB......GG,CDH19,PLA2R1
........BB..........RR....BBRR..,CDH5,CDH5
BB..BB..........YY............BB,CDKN1A,CDKN1A
....BB..RR..........BB..YY......,CDKN3,CDKN3
BBGG..BB................GG......,CEACAM1,CEACAM1
..........YY......RRYY..GG......,CEACAM6,CEACAM6
RR..RR..........GGRR............,CELSR1,CELSR1
YY............BB..RR......YY....,CELSR2,CELSR2
..YY..........GG........YY....RR,CENPF,CENPF
..YY..BB........RR........RR....,CFD,CFD
..GG..........RR..GG........GG..,CFLAR,CFLAR
..RR........GGGG........GG......,CHEK1,CHEK1
RR................BB....YY....RR,CHEK2,CHEK2
............RRBB......GG......BB,CHI3L1,CHI3L1
......RR..GG....GG..YY..........,CIDEA,CIDEA
..............RR......GGGG....YY,CIITA,CIITA
........BB............RRBB..YY..,CLCF1,CLCF1
RR..............YY........GGBB..,CLDN4,CLDN4
..BBRR........RR........BB......,CLEC10A,CLEC10A
....GGGG............GG......RR..,CLEC12A,CLEC12A
..GG................YY......BBBB,CLEC14A,CLEC14A
....RR....RR..BB..........BB....,CLEC1A,CLEC1A
YY................RRRR........BB,CLEC2B,CLEC2B
YY........GGBB....RR............,CLEC2D,CLEC2D
......BBBB..GG........BB........,CLEC4A,CLEC4A
..........YY..YY............BBBB,CLEC4D,CLEC4D
........RR..........YYYYGG......,CLEC4E,CLEC4E
....................YY..YYRR..RR,CLEC5A,CLEC5A
............BBYY..GG......RR....,CLEC7A,CLEC7A
BB......BB......GG..........GG..,CLOCK,CLOCK
GG..................YYBB..BB....,CLU,CLU
......GG......BB........BBYY....,CMKLR1,CMKLR1
..................RRGGGGBB......,CNTFR,CNTFR
......GGBB........RR....BB......,COL11A1,COL11A1
GG................GG..RRYY......,COL12A1,COL12A1
YYYYRR..............BB..........,COL14A1,COL14A1
......GG..BB....BB..GG..........,COL15A1,COL15A1
BBGGGG..........BB..............,COL16A1,COL16A1
YY........BB........BBYY........,COL17A1,COL17A1
....BBGG......YY....BB..........,COL18A1,COL18A1
....RR..BB..YY..........BB......,COL1A1,COL1A1
....BB..............YY..GG....YY,COL1A2,COL1A2
..YY......BB..........YY....BB..,COL21A1,COL21A1
......RRGG..........BBRR........,COL27A1,COL27A1
......YY......BB..........RRBB..,COL3A1,COL3A1
........BB....BB........GG....GG,COL4A1,COL4A1
RR........YY..RR............YY..,COL4A2,COL4A2
..........GG..........RR..BB..YY,COL4A5,COL4A5
YYBB........YY..............BB..,COL5A1,COL5A1
....RRYY..................BB..BB,COL5A2,COL5A2
....YY....YYGG................GG,COL5A3,COL5A3
..GG....RR....GG........RR......,COL6A1,COL6A1
..RR....YY......YY....RR........,COL6A2,COL6A2
..........RR........BB..GG....BB,COL6A3,COL6A3
................GG..RR..RR....YY,COL8A1,COL8A1
..........RRBBYY..............RR,COL9A2,COL9A2
....RR..........YY........YYRR..,COL9A3,COL9A3
..BB........BBYY........YY......,COTL1,COTL1
....YYRRRR..............GG......,CPA3,CPA3
..BB..............RRYYRR........,CPB1,CPB1
..GG..........BBBB....BB........,CRIP1,CRIP1
......BBGG..............RR..RR..,CRP,CRP
YY....YY..YY..BB................,CRYAB,CRYAB
..........GGGG......GGYY........,CSF1,CSF1
..BBGGBB....................BB..,CSF1R,CSF1R
....................GGRRYY..GG..,CSF2,CSF2
RRGG..................BB......BB,CSF2RA,CSF2RA
..........GG..YY....BB......GG..,CSF2RB,CSF2RB
..GG..........RR......RRYY......,CSF3,CSF3
..YY..GG..........RRRR..........,CSF3R,CSF3R
....RRGG................YY..BB..,CSHL1,CSHL1
....RR..........RR..RR..BB......,CSK,CSK
....YY....BB....RR............BB,CST7,CST7
........YY..YY....BB......BB....,CTLA4,CTLA4
....GG..........YY....YY..BB....,CTNNB1,CTNNB1
..GG..RR..........YY..YY........,CTSG,CTSG
..RRYY....RR..........RR........,CTSW,CTSW
GG..GG......GG..........BB......,CUZD1,CUZD1
..RR....GG..............GG..BB..,CX3CL1,CX3CL1
....RR..BB............YY..YY....,CX3CR1,CX3CR1
..BB............RR....BBBB......,CXCL1/2/3,CXCL1
....GGYYRR..........RR..........,CXCL10,CXCL10
........GG......YY..GG........RR,CXCL12,CXCL12
......RRRRRR..BB................,CXCL14,CXCL14
....RR....GG..GG..YY............,CXCL16,CXCL16
GG....BB........BB..........GG..,CXCL17,CXCL17
..BB....BB..................RRRR,CXCL5,CXCL5
..RRGGRR........GG..............,CXCL8,CXCL8
..........RRBB....GGGG..........,CXCL9,CXCL9
..........BB....RR....GG..YY....,CXCR1,CXCR1
RR................RR..GG..BB....,CXCR2,CXCR2
..........BB....YYGG..RR........,CXCR3,CXCR3
..BB..BB..............RR..GG....,CXCR4,CXCR4
................RR....RRGG....RR,CXCR5,CXCR5
........RR........RRYY......YY..,CXCR6,CXCR6
......RR....YY..............GGBB,CYP1B1,CYP1B1
GG..........BB......RR..RR......,CYP2U1,WNT2
..YYGG............YYYY..........,CYSTM1,CYSTM1
........RR......GG..GG....RR....,CYTOR,CYTOR
GG....GG....RR..........GG......,DCN,DCN
............RRRR..YYGG..........,DDC,DDC
..YYGG..BB..............YY......,DDIT3,DDIT3
....GG..RR......RR....RR........,DDR1,DDR1
....RR..RRGG..........GG........,DDR2,DDR2
....RR..GG..........RR........GG,DDX58,DDX58
RR................YYYY......RR..,DHRS2,DHRS2
............GG..RRRR........RR..,DLL1,DLL1
..........GG............YYGG..GG,DLL4,UCP1
....GGRR..........YY..........GG,DMBT1,DMBT1
............BB........YY..YYYY..,DNMT1,DNMT1
................GGBB..YY......BB,DNMT3A,DNMT3A
GG..BB..........RR........YY....,DPP4,DPP4
..RR..................RRBB....GG,DST,DST
......BB..BB..........RR......GG,DUSP1,DUSP1
..........GG..BBBBGG............,DUSP2,DUSP2
............BB..GG........RR..GG,DUSP4,DUSP4
..RR..RR............RR..BB......,DUSP5,DUSP5
..RR..BBRR............YY........,DUSP6,DUSP6
YY....YY........GG..RR..........,EFNA1,EFNA1
......YY........GG....YYYY......,EFNA4,EFNA4
..........GG......RR..YY..YY....,EFNA5,EFNA5
..BB..BB....YY..........BB......,EFNB1,EFNB1
..............RRBB..........RRRR,EFNB2,EFNB2
YYBB............YY....GG........,EGF,EGF
................GG....BB..YYGG..,EGFR,EGFR
GG....BB..YY......RR............,EIF5A/L1,EIF5A
....YY......YY......BBYY........,ELANE,ELANE
......GG....YY............YYRR..,EMP3,EMP3
............RR..........RRBBRR..,ENG,ENG
..RR........RR..GGBB............,ENO1,MMP16
GG..BB........YY........GG......,ENTPD1,ENTPD1
BB......YY............GG....YY..,EOMES,EOMES
GG..BB......RR....YY............,EPCAM,EPCAM
RRRRRR........................YY,EPHA2,EPHA2
............BB..BBYY..RR........,EPHA3,EPHA3
BBGG................GGRR........,EPHA4,EPHA4
..YYRR....BBGG..................,EPHA7,EPHA7
....BBBB....YY..YY..............,EPHB2,EPHB2
..............YYYY..BBRR........,EPHB3,EPHB3
..YY......YY....RR..........GG..,EPHB4,EPHB4
......BB..........YY....BB..BB..,EPHB6,EPHB6
............YYBB..RRBB..........,EPOR,EPOR
..BBBBRR..............BB........,ERBB2,ERBB2
....YYBB................RR....GG,ERBB3,ERBB3
RRBB..GG......YY................,ESAM,ESAM
......YY..............BB..RR..YY,ESR1,ESR1
............RR......YYBB......YY,ETS1,ETS1
....BB............BBGG....YY....,ETV4,ETV4
..YY..........YYYY......GG......,ETV5,ETV5
....GG............YY..BB..YY....,EZH2,EZH2
..............BB........BB..GGYY,EZR,EZR
GG......RR..............YY....BB,FABP4,FABP4
........YY......YY..BB......GG..,FABP5,FABP5
..........RR..BBRR..RR..........,FAM30A,NegPrb19
GGYY......YY............BB......,FAS,FAS
RRYY....BB..........RR..........,FASLG,FASLG
....RRRR............BB....RR....,FASN,FASN
........BB....YY....YY......BB..,FAU,
........YY..RR..........GG....BB,FCER1G,FCER1G
..YY..............RR....GG..YY..,FCGBP,FCGBP
....BB................RRGGYY....,FCGR3A/B,FCGR3A
..BBGG..RRYY....................,FCRLA,FCRLA
RR............GG........GGYY....,FES,FES
YY..GG....................YY..RR,FFAR2,FFAR2
........BBGG....YY..RR..........,FFAR3,FFAR3
YY......GG........YY....BB......,FFAR4,FFAR4
GGGG........RR........GG........,FGF1,FGF1
..RRYY......................YYGG,FGF12,FGF12
YYRR........BB............YY....,FGF13,FGF13
........BBYY..............RRBB..,FGF18,FGF18
..RR......BB......RR....RR......,FGF2,FGF2
GG......GG................GGRR..,FGF7,FGF7
....BBRR....................YYYY,FGF9,FGF9
......YYRR......YY............GG,FGFR1,FGFR1
..BB....RR..............BBYY....,FGFR2,FGFR2
YYBB....................BB....BB,FGFR3,FGFR3
..........GG..........GGRR....RR,FGG,FGG
BBBB......RR......RR............,FGR,FGR
......BB....BB....GG........GG..,FHIT,GDF3
....YY..GG............RR....BB..,FKBP11,FKBP11
GGRR....................YY..RR..,FKBP5,BMP6
....BBGGBB..RR..................,FLT1,FLT1
................GGRR..GG....YY..,FLT3LG,FLT3LG
......GG..........RR..BB....GG..,FN1,FN1
..........YY..RR......YY..BB....,FOS,FOS
GG....GG........YY....BB........,FOXF1,FOXF1
GGBB..........BB......RR........,FOXP3,FOXP3
....BB......GG..RR....BB........,FPR1,FPR1
YY........RR......GG..GG........,FYB1,FYB1
BB........BB....GG......BB......,FYN,FYN
GG..........GGYY..............BB,FZD1,FZD1
..BB..GG..YY......GG............,FZD3,FZD3
........RR..RR....YY......YY....,FZD4,FZD4
YYYY....YY....................GG,FZD5,FZD5
..........YY............YY..GGRR,FZD6,FZD6
....RR..........GG..GGRR........,FZD7,FZD7
..RR..RRBB....................BB,FZD8,FZD8
..BBBB..GG..............RR......,G6PD,G6PD
................RRRR..BB..GG....,GADD45B,GADD45B
..........RRYYGGGG..............,GAS6,GAS6
..RR......BB..GG..............GG,GATA3,GATA3
..........BBRR..BB............YY,GC,GC
..BB......RR..YY............YY..,GCG,GCG
GG..GG............BB........YY..,GDF15,GDF15
BB......RR....BB..BB............,GLUD1,GLUD1
....RR........BB..GGGG..........,GLUL,GLUL
........YY..YY..GG....BB........,GNLY,GNLY
......BB......YY............YYGG,GPBAR1,GPBAR1
......BBBB....YY..........RR....,GPER1,GPER1
............RRBBBB......YY......,GPNMB,GPNMB
......YY......RR........RRGG....,GPR183,GPR183
RR........RR..........BBGG......,GPX1,GPX1
YY......BB..RR..........YY......,GPX3,GPX3
..............GG......YY....YYYY,GSN,GSN
......BB..BB............RRYY....,GSTP1,GSTP1
..YY....BB..YY............GG....,GZMA,GZMA
................GG......BB..YYGG,GZMB,GZMB
..RR..GG..............GG......RR,GZMH,GZMH
......GG..................RRGGGG,GZMK,GZMK
........GGYY........GG..RR......,H2AZ1,H2AZ1
..RR..........YY..GG..........YY,H4C3,H4C3
........YY..BB....GG..........RR,HAVCR2,HAVCR2
....RR........RR....RR......BB..,HBA1/2,HBA1
..........GG....BB..BB....RR....,HBB,HBB
....YY....YY............YYRR....,HCAR2/3,HCAR2
..........GG..BB......YYGG......,HCK,HCK
GG..YY......BB..............RR..,HCST,HCST
RRYY..YY..................BB....,HDAC1,HDAC1
..........RRRR..YY......GG......,HDAC11,HDAC11
....YYRR........YY........GG....,HDAC3,HDAC3
............YY..RR..BB....YY....,HDAC4,HDAC4
..........BB..RRGGYY............,HDAC5,HDAC5
BBBB....GG..GG..................,HEY1,NR1H4
..YY........BB........BB....RR..,HGF,HGF
RRYY......RRBB..................,HIF1A,HIF1A
....RRGG....YY........BB........,HILPDA,HILPDA
......GG..BB..BB......BB........,HLA-DPA1,HLA-DPA1
..........RR..GG..BB....YY......,HLA-DPB1,HLA-DPB1
......YY..RR..YY..YY............,HLA-DQA1,HLA-DQA1
GG........RRRR......YY..........,HLA-DQB1/2,HLA-DQB1
BBGG..............YY......BB....,HLA-DRA,HLA-DRA
..............RRRR......GG..GG..,HLA-DRB,HLA-DRB1
....YYBB..................BBRR..,HMGB2,HMGB2
....BB........YYGG..........BB..,HMGN2,HMGN2
....BBBBYY............RR........,HPGDS,HPGDS
RR....RR..........YY....GG......,HSD17B2,HSD17B2
................RRYYRRYY........,HSP90AA1,HSP90AA1
......RRGG..RR..GG..............,HSP90AB1,HSP90AB1
........GG........YY..RR..GG....,HSP90B1,HSP90B1
......RR..........YYGG......GG..,HSPA1A/B,HSPA1A
..GG..BB....BB................RR,HSPB1,HSPB1
..GG..................GGRR..BB..,HTT,HTT
BB....YY..........YY..........RR,IAPP,IAPP
..............YY..RR..RR......GG,ICA1,
........RRBBBB..........RR......,ICAM1,ICAM1
............YY..YY........BB..YY,ICAM2,ICAM2
....YY......RR..........GG..YY..,ICAM3,ICAM3
..................BB..GG....GGGG,ICOS,ICOS
........BB....YYRR....BB........,ICOSLG,ICOSLG
..GG....BB..........BB........GG,IDO1,IDO1
RRBBYY................YY........,IER3,IER3
..RRBBYY....BB..................,IFI27,IFI27
....BB..YY......BB......GG......,IFI44L,NegPrb10
YYYY............RR......YY......,IFIH1,IFIH1
GGYY..........YY............GG..,IFIT1,IFIT1
GG........BB........GG..GG......,IFIT3,APOB
............GG............BBBBBB,IFITM1,IFITM1
......BB..RR......BB......GG....,IFITM3,IFITM3
....RR............YY..GGYY......,IFNA1/13,IFNA1
....RR..........YY....BB......GG,IFNAR1,IFNAR1
BB......RR......BB..RR..........,IFNAR2,IFNAR2
..........BB..RR........YY..BB..,IFNG,IFNG
......GGYY............GG..BB....,IFNGR1,IFNGR1
BB..BB................YY..RR....,IFNGR2,IFNGR2
BB........BB..YY..............YY,IFNL2/3,IFNL3
....BB..GG........GG..YY........,IGF1,IGF1
........YY..GG..........RR..YY..,IGF1R,IGF1R
....RR......BBYY............GG..,IGF2,IGF2
......GG............YYRR....YY..,IGF2R,IGF2R
..BB..............GGRR..RR......,IGFBP3,IGFBP3
........GGBB..GGYY..............,IGFBP5,IGFBP5
RRYY..............YY..RR........,IGFBP6,IGFBP6
..RR......GG..............YYYY..,IGFBP7,IGFBP7
BB....GG......GGGG..............,IGHA1,IGHA1
......YY......GG....GG......YY..,IGHD,IGHD
....GG..............GG..YYGG....,IGHG1,IGHG1
..BB....YY............GG......YY,IGHG2,IGHG2
....YY......GG..BB........BB....,IGHM,IGHM
YY........YY....BBBB............,IGKC,IGKC
......RRRR............BB..GG....,IKZF3,KRT24
........BB..BB....RRRR..........,IL10,IL10
........YY....RR..........GGBB..,IL10RA,IL10RA
........GG..YY....YY........RR..,IL10RB,IL10RB
RR..YY....RR....BB..............,IL11,IL11
........GGRR......YYYY..........,IL11RA,IL11RA
....GG..............RR......GGRR,IL12A,IL12A
..........YYRRGG..........RR....,IL12B,IL12B
..BB......BB........YY..BB......,IL12RB1,IL12RB1
..........GG....RR..GG..YY......,IL12RB2,IL12RB2
....RR......GG........RR......RR,IL13RA1,IL13RA1
....BBRR........RR..GG..........,IL15,IL15
....BB......BB..GGGG............,IL15RA,IL15RA
................RR..GG....GGGG..,IL16,IL16
YY..........GG....YY........GG..,IL17A,IL17A
......YY..........GGGG....RR....,IL17B,IL17B
..................GGGGYY....YY..,IL17D,IL17D
RR....RR..RR........BB..........,IL17RA,IL17RA
..............YY....RR..BB..YY..,IL17RB,IL17RB
......YY..YY..............BBGG..,IL17RE,IL17RE
....RR......RR........GG..BB....,IL18,IL18
..YY..RR........BB..........RR..,IL18R1,IL18R1
....GG..GG..RR........BB........,IL1A,IL1A
YY......BB......YYRR............,IL1B,IL1B
..................GGYYGG......RR,IL1R1,IL1R1
GGBB......BB....RR..............,IL1R2,IL1R2
....GG..........GGYY........RR..,IL1RAP,IL1RAP
BB........YY....RR..YY..........,IL1RL1,IL1RL1
....YY......RR..YY....RR........,IL1RN,IL1RN
....RR..GG......BB..........GG..,IL2,IL2
..................BBGG..GG..BB..,IL20,IL20
..........RR....YY..YY........GG,IL20RA,IL20RA
........YYGG............RRBB....,IL22RA1,IL22RA1
......GG........GG..BB........GG,IL23A,IL23A
RR..........YY..........BB....GG,IL24,IL24
YY..............RR........BBRR..,IL27RA,IL27RA
......YYRR..RR..............GG..,IL2RA,IL2RA
..YYRR..................GG....GG,IL2RB,IL2RB
YY........YY................RRGG,IL2RG,IL2RG
RR........BB..........RR..GG....,IL32,IL32
........GGGGBB............YY....,IL33,IL33
YY..........GGRR....RR..........,IL34,IL34
..RR..........BB..........BBGG..,IL36G,IL36G
..YY....BBYY..................YY,IL3RA,IL3RA
BB........RR............YY..YY..,IL4R,IL4R
BB......RRBB..........BB........,IL6,IL6
..YY....RR....BB....BB..........,IL6R,IL6R
............YY..BBGG....RR......,IL6ST,IL6ST
..........BB..GG....YYGG........,IL7,IL7
BB............BB....BB..GG......,IL7R,IL7R
....BB....YY..GG......RR........,INHA,INHA
..BB....BB....YY..RR............,INHBA,INHBA
....................GG..RR..YYBB,INHBB,INHBB
......RR................YYYYGG..,INS,INS
..................GG..RR..RR..BB,INSR,INSR
....GG................RR..GG..GG,IRF3,IRF3
....GG....YY..YY..BB............,IRF4,IRF4
GG....RR........GGBB............,ITGA1,ITGA1
........BB......GG....GG..GG....,ITGA2,ITGA2
..GGRR..................YYBB....,ITGA3,ITGA3
............YY........GG..RRGG..,ITGA5,ITGA5
......BB..RR....YY..........RR..,ITGA6,ITGA6
....RR..YY........BB........BB..,ITGA8,ADGRB2
..GGGGGG......BB................,ITGA9,ITGA9
..GG........GG....RR....BB......,ITGAE,ITGAE
BB....YY..RR..........YY........,ITGAL,ITGAL
....GG....GG............BB....BB,ITGAM,ITGAM
....YY..BB..GGBB................,ITGAV,ITGAV
..............GGRR........GG..BB,ITGAX,ITGAX
........YY....BB..........RR..RR,ITGB1,ITGB1
........BB..GG......YY........RR,ITGB2,ITGB2
..............BB....GG..RRRR....,ITGB4,ITGB4
......BB..GG..BB....GG..........,ITGB5,ITGB5
..GG..YY........RRRR............,ITGB6,ITGB6
..RR........GG............RRRR..,ITGB8,ITGB8
....RRBB..BB................YY..,ITK,ITK
GG......GG......BB......RR......,ITM2A,ITM2A
................RR........YYBBGG,JAG1,JAG1
..............YY..BB..BB..BB....,JAK1,JAK1
..GG..............GG......GG..RR,JAK2,JAK2
..YY..BB....................GGYY,JCHAIN,JCHAIN
RR....BB....BB........RR........,JUN,JUN
..BB..GG....GG................GG,JUNB,JUNB
..YYRR..........RR....YY........,KDR,KDR
..BB........RRGG......BB........,KIT,KIT
RR..........BBGG..BB............,KITLG,KITLG
..GGRR..YY............BB........,KLF2,KLF2
........BBBBGG..RR..............,KLK3,KLK3
YY....GG..BB................GG..,KLRB1,KLRB1
..RRGG................BB....GG..,KLRF1,DNTT
......GG....YY......GG..RR......,KLRK1,KLRK1
YYYY..BB......RR................,KRAS,KRAS
..BB........GGBB....GG..........,KRT1,KRT1
....YY..............RRRR..BB....,KRT10,KRT10
..YY....YY..........GG..GG......,KRT13,KRT13
..YY..RRYY................YY....,KRT14,KRT14
......RR............GGYY......RR,KRT15,KRT15
..........RR......GG....RR....YY,KRT16,KRT16
............GG....BB..YY....BB..,KRT17,KRT17
..............BB..YY....GGGG....,KRT18,KRT18
....BB............GGRR......RR..,KRT19,KRT19
........GG..BB..YY....GG........,KRT20,KRT20
....GG......RR..RR..........GG..,KRT23,KRT23
................GGYYBB..GG......,KRT4,KRT4
....BB........RR..GG....YY......,KRT5,KRT5
GG....................GGGGRR....,KRT6A/B/C,KRT6A
....GGBB........BB..YY..........,KRT7,KRT7
....GGRR....RR............YY....,KRT8,KRT8
BB........YY............RRGG....,KRT80,KRT80
BB........GGGG..........GG......,KRT86,KRT86
..BBYY..........GG............RR,LAG3,LAG3
YY......YYYYGG..................,LAIR1,LAIR1
YY........RR..YY........RR......,LAMP2,LAMP2
GG........BB..............YYBB..,LAMP3,LAMP3
........YY....RR....GG........BB,LCN2,LCN2
..BB............GGRR......YY....,LDB2,NegPrb8
..GG....YY........YYRR..........,LDHA,
....GG......RR....RR..........RR,LDLR,LDLR
....RR..............BB..RR....RR,LEFTY1,LEFTY1
..........RRYY..........YYYY....,LEP,LEP
..............BBGG..BB....GG....,LGALS1,LGALS1
GGRR....GG............BB........,LGALS3,LGALS3
..........YYBB........YYYY......,LGALS3BP,LGALS3BP
GG..YY..........YY......YY......,LGALS9,LGALS9
......YY......YY....RR........BB,LGR5,MMP3
GGGG............YYGG............,LIF,LIF
....RR..YYRRBB..................,LIFR,LIFR
BB................YYBBBB........,LINC01781,NRG4
YY..............RR....BB......YY,LINC01857,GDNF
..........YY..RR..GG..........GG,LINC02446,LINC02446
........YY........RRBBYY........,LMNA,LMNA
..BB................BBGGYY......,LPAR5,LPAR5
GG........GG......YY....RR......,LTB,LTB
YY................GG....GG....GG,LTBR,LTBR
......RR..RR............GG..BB..,LTF,LTF
....YY....BBBB............GG....,LUM,LUM
BB..........BB..GG....YY........,LY6D,LY6D
..RR..........BB..BB..GG........,LY75,LY75
........YY..BB..BB..........BB..,LYN,LYN
..........GG......YYRR........RR,LYZ,LYZ
....RR........RR......BB..GG....,MAF,MAF
......RR..BB......RR..........RR,MALAT1,MALAT1
....YY............GGBB........BB,MAML2,MAML2
RR....BB............GG....GG....,MAP1LC3B/2,MAP1LC3B
..............YY....GG....GG..RR,MAPK13,MAPK13
GG....YY................BB..YY..,MAPK14,MAPK14
..............YY........RRYYBB..,MARCO,MARCO
..YY................YY..RR..GG..,MB,RAD51
RR......YY............BB..YY....,MECOM,MECOM
..RRGG......YY......GG..........,MEG3,MEG3
......RRYYYY....BB..............,MERTK,MERTK
......RR......BB....BB........YY,MET,MET
................RR..BB..RR..BB..,MFAP5,WNT2B
RR............BBYY....YY........,MGP,MGP
RR......GG..........GGYY........,MHC I,HLA-A
....BB..RR..GG............RR....,MIF,MIF
......RR............RRBB....BB..,MIR4435-2HG,HLA-DRB5
..GG....BB........GG....GG......,MKI67,MKI67
..........BB..YY....RR....RR....,MMP1,MMP1
......RR......YY..BB........RR..,MMP12,MMP12
......YYGG........BB..........BB,MMP14,MMP14
......BB........RR....YY....BB..,MMP19,MMP19
......BB..........YY..GG..RR....,MMP2,MMP2
....GG................GG....BBBB,MMP7,MMP7
......RR....YYGG......RR........,MMP9,MMP9
..........YY......YYGG....GG....,MPO,MPO
........GG....RR..RR..GG........,MRC1,MRC1
RRRR..RR....YY..................,MRC2,MRC2
......GGBBYY..........RR........,MS4A1,MS4A1
..BB..YY..GG............GG......,MS4A4A,MS4A4A
......BB......BBGGRR............,MS4A6A,HLA-E
....GG......BB....YY....RR......,MSMB,MSMB
....GGYY......RRYY..............,MSR1,IFNL2
......GG........BB....RRRR......,MST1R,MST1R
........BB......GG..YY..BB......,MT1X,MT1X
....RR......GG....YYRR..........,MT2A,MT2A
......BB....BBBB..........GG....,MTOR,MTOR
YY....BBYY..........BB..........,MX1,MX1
..........BBGG..........YY....BB,MXRA8,MXRA8
..............BB..BB....RR....BB,MYC,MYC
BB........GG........BB........GG,MYH11,MYH11
..YY......YY..BB..........GG....,MYH6,CHGA
......BB........YY....GG......BB,MYL12A,
..........GGRR..GG........BB....,MYL4,OXGR1
..GG......BB........GG....YY....,MYL7,COL9A1
..............BBRR....RR..BB....,MYL9,MYL9
......RRGG..............BB....GG,MZB1,MZB1
RR............BB....YY........BB,MZT2A/B,MZT2A
..YYBB....GG..RR................,NACA,CYP19A1
..YY......GG......BBBB..........,NANOG,NANOG
GG......YY....BBGG..............,NCR1,NCR1
BB..GG........RR..RR............,NDRG1,NDRG1
BB........BB......BB........RR..,NEAT1,NEAT1
......GG..BBRR....YY............,Negative01,NegPrb11
......RRBB............GG....RR..,Negative02,NegPrb13
BB..RR............BBYY..........,Negative03,NegPrb15
......BB......RR......BBBB......,Negative04,NegPrb20
......YY..BB......GG....BB......,Negative05,NegPrb21
....BB....RR..........BB......YY,Negative06,NegPrb22
GG..........YY........BB....YY..,Negative07,NegPrb23
....YY............RR....BBGG....,Negative08,NegPrb6
..........BBRRYY........BB......,Negative09,NegPrb9
......YY..............GG..GGYY..,Negative10,
..GG..GGGG....................YY,NELL2,PTHLH
BBRR....RR....................RR,NFKB1,NFKB1
..YY......RR........RR..YY......,NFKBIA,NFKBIA
......GGRRGG........BB..........,NGFR,NGFR
....RR....BB..YY......YY........,NKG7,NKG7
......GG......YYBB............YY,NLRC4,NLRC4
................YYGG........BBRR,NLRC5,NLRC5
BB..BB......GGGG................,NLRP1,NLRP1
....GG........RR....BB........GG,NLRP2,NLRP2
......RR....BB..YYRR............,NLRP3,NLRP3
..BB..GGBB..........GG..........,NOD2,NOD2
........GG......RR..YY......RR..,NOSIP,NOSIP
....GG..RR........GG......GG....,NOTCH1,NOTCH1
........YY....GG..BB..........GG,NOTCH2,NOTCH2
......GG....RRBB....YY..........,NOTCH3,NOTCH3
....GG..GG....GG..........RR....,NPPC,NPPC
..........RR..RR....YY....YY....,NPR1,NPR1
BB..........BB......GG......GG..,NPR2,NPR2
....BBBB......BB..............RR,NPR3,NPR3
....GGBB..GGBB..................,NR1H2,NR1H2
GG......RRYY....YY..............,NR1H3,NR1H3
....YY..........GGBB......RR....,NR3C1,NR3C1
..RRYY..........YYRR............,NRG1,NRG1
............GGYYRR......RR......,NRXN1,NRXN1
....GG........YYRR............RR,NRXN3,NRXN3
....RR....GG........YY....GG....,NTRK2,NTRK2
..RR................BB..GGRR....,NUSAP1,
......GG......RR..RR..........BB,OAS1,OAS1
RRBB........RR..........RR......,OAS2,OAS2
..............RRYYGG......YY....,OAS3,OAS3
....RRBBRR....RR................,OASL,OASL
........RRRRYY................GG,OLFM4,OLFM4
BBYY..GG....................YY..,OLR1,OLR1
......RR..BBYY............BB....,OSM,OSM
GG....BB....GG............YY....,OSMR,OSMR
BB..........YY..RRYY............,P2RX5,P2RX5
..............RR....RRYYRR......,PARP1,PARP1
....YY........GG........GG....BB,PCNA,PCNA
........RR..............RR..GGGG,PDCD1,PDCD1
......GG..YY..RRRR..............,PDCD1LG2,PDCD1LG2
..................YY..BB....YYRR,PDGFA,PDGFA
....RR....RR......GG........GG..,PDGFB,PDGFB
YY..................RRBBBB......,PDGFC,PDGFC
........YY..GG............GG..GG,PDGFD,PDGFD
YY....RR........BB....YY........,PDGFRA,PDGFRA
....YY..............BB....YYBB..,PDGFRB,PDGFRB
..........YY....GG....GG......YY,PDS5A,TSLP
YYRR....BBBB....................,PECAM1,PECAM1
..YY............RRYY..........GG,PF4/V1,PF4
............GG..BB......BB....RR,PFN1,HLA-C
..RR..........YY......RR....BB..,PGF,PGF
........YY..........RR..YY..BB..,PGR,PGR
....RRYY..RR....GG..............,PHLDA2,PHLDA2
........RR....GG..YY........BB..,PIGR,PIGR
....GG....BB............GGBB....,PLAC8,PLAC8
YY........RR........RR....GG....,PLAC9,
....GG....RR..........YY....YY..,PNOC,PNOC
RR..GGRR....................GG..,POU5F1,POU5F1
GG....YY....YYRR................,PPARA,PPARA
RR......GG........BB......RR....,PPARD,PPARD
........GGRR............GGGG....,PPARG,PPARG
RR..BB....GG......BB............,PPIA,NegPrb3
..........YY....YYRR..........BB,PRF1,PRF1
..........RR....BB....BB..BB....,PRSS2,PRSS2
....RR..BB..........GG......YY..,PRTN3,OXER1
......GG......RR....RR....BB....,PSAP,PSAP
GG..GG..YY............YY........,PSCA,PSCA
....YY..BB......RR......RR......,PSD3,C9orf16
..RR..........RRGG......RR......,PTGDR2,PTGDR2
..GG........RR..YY........YY....,PTGDS,PTGDS
GG..............GG..........RRBB,PTGES,PTGES
....................YY..GGYYYY..,PTGES2,PTGES2
YY......RR....RR......RR........,PTGES3,PTGES3
RR....BBBB..................BB..,PTGIS,PTGIS
..RR..RR..YY..YY................,PTGS1,PTGS1
..YY............BB..GG....BB....,PTGS2,PTGS2
......GG..GGGG..YY..............,PTK2,PTK2
............GG....RRGG....BB....,PTK6,PTK6
........GG..YY........YY......BB,PTPRC,PTPRC
..........YY..GG..RR........GG..,PTPRCAP,PTPRCAP
..............RR..BBBB..BB......,PTTG1,PTTG1
RRRR....YY........GG............,QRFPR,QRFPR
....BB....GG....BB....YY........,RAC1,RAC1
..........GGYY..........BB..BB..,RAC2,RAC2
..YY........BBBB..............YY,RACK1,EFNB3
..BB............BB......RR....GG,RAG1,CCL7
GG............GG......BB......RR,RAMP1,RAMP1
..YY....GG........BB........GG..,RAMP2,RAMP2
BB......BB............RR..BB....,RAMP3,RAMP3
........RRRR....RRBB............,RARA,RARA
..BB..............YYBB......YY..,RARB,RARB
RR..YYGGYY......................,RARG,RARG
......YY..........RRBB......RR..,RARRES1,RARRES1
......BB..GG....RRYY............,RARRES2,RARRES2
GG............GGYY..........YY..,RB1,RB1
........GG....RR........YYBB....,RBM47,
....BBYY..........YY......GG....,RBPJ,RBPJ
......RR..............RRBBRR....,REG1A,REG1A
................BB....RR....GGBB,RELA,RELA
..........GG......RR........YYYY,RELT,RELT
........RR........GG..BBBB......,RGCC,RGCC
..BBRR......BB..BB..............,RGS1,RGS1
........RR..GG......RR..BB......,RGS2,RGS2
........RR............YY..BBGG..,RGS5,RGS5
......GG..BB............GG....YY,RNF43,RNF43
..YY........YYYY..BB............,ROR1,ROR1
......GG....BBYY......GG........,RORA,RORA
....BB................YYYY....BB,RPL21,RPL21
....................YYYY..RRBB..,RPL22,RPL22
..YY..YYBB........YY............,RPL32,RPL32
......BB....RRRR............BB..,RPL34,RPL34
............RR....RR....YYRR....,RPL37,RPL37
..YYBBBB..........BB............,RPS4Y1,RPS4Y1
........YYBB..........RRGG......,RSPO3,RSPO3
........RR..........BB....YY..RR,RUNX3,RUNX3
....GG..YY..........YY..RR......,RXRA,RXRA
......GG......YY..GG....RR......,RXRB,RXRB
GG..BB..............YY......GG..,RYK,RYK
RR........GG........RRGG........,RYR2,CXCL3
BB......BB....GG..............BB,S100A10,S100A10
..BB..YY......RR......GG........,S100A2,S100A2
......GGGG..GG..........YY......,S100A4,S100A4
....................GGGG..BB..BB,S100A6,S100A6
BB............GG....YY....GG....,S100A8,S100A8
......RRBB......YY......YY......,S100A9,S100A9
......RR....GG..RR............YY,S100B,S100B
..RR....YYYY........YY..........,S100P,S100P
..BBGG........YY..........BB....,SAA1/2,SAA1
..RR..............YY..BBGG......,SAT1,SAT1
..RR............BB....YY....YY..,SCG5,SCG5
..YY..RR..........GG....YY......,SCGB3A1,SCGB3A1
GG................YY..GG....BB..,SEC23A,SEC23A
BB..........RRRR..........BB....,SEC61G,SEC61G
......GG..........YYYY..YY......,SELENOP,SELENOP
....BB..YY..........RR....GG....,SELL,SELL
....YY..RRBB........GG..........,SELPLG,SELPLG
RR..GG..GG......YY..............,SERPINA1,SERPINA1
RR....YYGG....GG................,SERPINA3,SERPINA3
....RR......YYGG....YY..........,SERPINB5,SERPINB5
......BBYY..RR....RR............,SERPINH1,SERPINH1
......YYGG..BB......GG..........,SFN,SFN
..BB..YY........YY..........GG..,SH3BGRL3,NegPrb7
BB..................GG....YY..YY,SIGIRR,SIGIRR
..............YYGG......YY....BB,SLC2A1,SLC2A1
..RR..........BBYY............RR,SLC40A1,SLC40A1
....BBRR..YY............BB......,SLPI,SLPI
............GG......RR......YYGG,SMAD2,SMAD2
........YY....BB......BB....GG..,SMAD3,SMAD3
BB....YYRR................RR....,SMAD4,SMAD4
BB..BBYY....................BB..,SMARCB1,SMARCB1
GG........BBBBBB................,SMO,SMO
..........BBRR........RR....YY..,SNAI1,SNAI1
....YY..RR......YY..........YY..,SNAI2,SNAI2
................GGGG....YY..GG..,SOD1,SOD1
..........GGGGRR..............YY,SOD2,SOD2
......YYBB..............RR....RR,SORBS1,
........BBBB......GG......YY....,SOSTDC1,SOSTDC1
........YY......RRGGGG..........,SOX2,SOX2
..RRBB....YY................BB..,SOX4,SOX4
YY........GG........YY......BB..,SOX9,SOX9
....GG........BB..........YYYY..,SPARCL1,SPARCL1
..BB..........GGYYYY............,SPINK1,SPINK1
............GGBB..YY..........GG,SPOCK2,SPOCK2
................BBRRBB........RR,SPP1,SPP1
....GG......GGRR............RR..,SPRY2,SPRY2
......RRYY..BB........YY........,SPRY4,SPRY4
......GG............GGBB..YY....,SQSTM1,SQSTM1
RR................GG....RR..YY..,SRC,SRC
..RR..............RR........GGRR,SREBF1,SREBF1
YY..GG....BBRR..................,SRGN,SRGN
..BB....GG......GG..RR..........,SST,SST
..RR......RRYY..............GG..,ST6GAL1,ST6GAL1
....YYBB..YY..........GG........,ST6GALNAC3,ST6GALNAC3
YY....BB..RRYY..................,STAT1,STAT1
GGYY........YY..BB..............,STAT3,STAT3
..........GG....YY......RR..GG..,STAT4,STAT4
GG....GGGG..........YY..........,STAT5A,STAT5A
BB..........RR....BB..........GG,STAT5B,STAT5B
..YY....RR......BB....GG........,STAT6,STAT6
..YYYYGG......................BB,STMN1,STMN1
YY..RRBB........RR..............,SYK,SYK
......RR..YY........RR....YY....,SystemControl1,FalseCode1
....YY..RR................BB..GG,SystemControl10,FalseCode10
....YYGG....GG..............GG..,SystemControl100,FalseCode100
....YYYY............YYBB........,SystemControl101,FalseCode101
....RR................YYGG..RR..,SystemControl102,FalseCode102
RR......RRRR................GG..,SystemControl103,FalseCode103
BB..YY....GG................GG..,SystemControl104,FalseCode104
..RR........YY........BB..BB....,SystemControl105,FalseCode105
..GG............RR..YYGG........,SystemControl106,FalseCode106
..RR..........GG....BB......RR..,SystemControl107,FalseCode107
....................RRYY..YY..GG,SystemControl108,FalseCode108
......BB..RR........RR........YY,SystemControl109,FalseCode109
....GG..................RR..RRYY,SystemControl11,FalseCode11
......RR..RR....RR....RR........,SystemControl110,FalseCode110
......GG..RR..........GGYY......,SystemControl111,FalseCode111
......RR....RR........BBYY......,SystemControl112,FalseCode112
........YYYY..............YY..BB,SystemControl113,FalseCode113
....RR......BB..........GGRR....,SystemControl114,FalseCode114
............YY......RR..GG....RR,SystemControl115,FalseCode115
RR..........BB......BB........RR,SystemControl116,FalseCode116
RR..........GG..........YYBB....,SystemControl117,FalseCode117
........GG......GG........BBYY..,SystemControl118,FalseCode118
RR....YY....GG....RR............,SystemControl119,FalseCode119
..........YY..GG....BB........RR,SystemControl12,FalseCode12
....YY......RR............RR..BB,SystemControl120,FalseCode120
YY..YY..BB................GG....,SystemControl121,FalseCode121
BB......GGRR..RR................,SystemControl122,FalseCode122
....YY..YY..............BB....RR,SystemControl123,FalseCode123
..GG......RR..............RR..GG,SystemControl124,FalseCode124
........RR......BB........GG..YY,SystemControl125,FalseCode125
..........BBBB......BB......BB..,SystemControl126,FalseCode126
..YY..YY....GG........YY........,SystemControl127,FalseCode127
........YY....YYBB........YY....,SystemControl128,FalseCode128
YY..BB....YY..............BB....,SystemControl129,FalseCode129
GG..RR....YYYY..................,SystemControl13,FalseCode13
....YY........BB....RR..YY......,SystemControl130,FalseCode130
..GG..GG..GG..............BB....,SystemControl131,FalseCode131
............BB..........YY..YYYY,SystemControl132,FalseCode132
..........YYBB......YY........BB,SystemControl133,FalseCode133
..GG..................RR....RRYY,SystemControl134,FalseCode134
................GGYY......BB..RR,SystemControl135,FalseCode135
....BB..........BBBB..........YY,SystemControl136,FalseCode136
............RRYY............RRYY,SystemControl137,FalseCode137
..BB..RR..........BB..........YY,SystemControl138,FalseCode138
..GG......RR....BB..........BB..,SystemControl139,FalseCode139
......YY............GG..YY....YY,SystemControl14,FalseCode14
..RR......BB....BB........GG....,SystemControl140,FalseCode140
..GGYY............YY..........YY,SystemControl141,FalseCode141
YY..YY......YY..GG..............,SystemControl142,FalseCode142
....GG....RRGG......BB..........,SystemControl143,FalseCode143
GG..GG....GG....GG..............,SystemControl144,FalseCode144
........BB..............BBBB..BB,SystemControl145,FalseCode145
YY..BB..GG..BB..................,SystemControl146,FalseCode146
....RR....YY........GG........YY,SystemControl147,FalseCode147
......YYYYGGYY..................,SystemControl148,FalseCode148
BB......GG........GG..........YY,SystemControl149,FalseCode149
..BBYY....BB................RR..,SystemControl15,FalseCode15
GG..YYYY..BB....................,SystemControl150,FalseCode150
......YY........YY......BBBB....,SystemControl151,FalseCode151
....................BBYYBB....YY,SystemControl152,FalseCode152
....BB....................GGRRBB,SystemControl153,FalseCode153
........BB..BB..........GG..RR..,SystemControl154,FalseCode154
..BB......................RRBBYY,SystemControl155,FalseCode155
..RRYY..RR....YY................,SystemControl156,FalseCode156
YY....BB..............BB....RR..,SystemControl157,FalseCode157
..............RR..YY..RR....RR..,SystemControl158,FalseCode158
........GGYY..........YY....RR..,SystemControl159,FalseCode159
..............GG..GG......GGYY..,SystemControl16,FalseCode16
......BB..YY........BB..YY......,SystemControl160,FalseCode160
........BB..YY..............BBYY,SystemControl161,FalseCode161
YY..RR....................RRBB..,SystemControl162,FalseCode162
....GG....GG..............RRRR..,SystemControl163,FalseCode163
......GG..........BBBBGG........,SystemControl164,FalseCode164
..BB..GG..............YY....RR..,SystemControl165,FalseCode165
RR..........GG..GG..GG..........,SystemControl166,FalseCode166
..YYRR....................GGYY..,SystemControl167,FalseCode167
....YY..YY....GG....BB..........,SystemControl168,FalseCode168
..YY..................BBYYYY....,SystemControl169,FalseCode169
YY................BB........BBYY,SystemControl17,FalseCode17
..GG..........RR....RR........YY,SystemControl170,FalseCode170
..YYYY........BB............BB..,SystemControl171,FalseCode171
GG..............RR..GG........GG,SystemControl172,FalseCode172
........RRYY......RR......BB....,SystemControl173,FalseCode173
............YY....YY..YYBB......,SystemControl174,FalseCode174
..BB............GG......GG..RR..,SystemControl175,FalseCode175
....YYGG..RR..GG................,SystemControl176,FalseCode176
YY..YY........YY............YY..,SystemControl177,FalseCode177
........RR..YY........RRYY......,SystemControl178,FalseCode178
....YY........BB......RR......YY,SystemControl179,FalseCode179
................YYYY....YY....YY,SystemControl18,FalseCode18
GGBB......................BBYY..,SystemControl180,FalseCode180
......YY....YY......RR....GG....,SystemControl181,FalseCode181
..........RRBB..RR..........YY..,SystemControl182,FalseCode182
....GG......BB......YY......YY..,SystemControl183,FalseCode183
YY..BB........RRBB..............,SystemControl184,FalseCode184
......YY....GGGG..........BB....,SystemControl185,FalseCode185
..GGRR......RR....GG............,SystemControl186,FalseCode186
....YYYY..........GG........YY..,SystemControl187,FalseCode187
YYGG..GG..........BB............,SystemControl188,FalseCode188
..........RRGGBB......RR........,SystemControl189,FalseCode189
....YY........GGRR..........RR..,SystemControl19,FalseCode19
..GG..YYYY..............BB......,SystemControl190,FalseCode190
..GG......RR..BB........BB......,SystemControl191,FalseCode191
..RR..YYGG......BB..............,SystemControl192,FalseCode192
......YY....RR..BB..BB..........,SystemControl193,FalseCode193
BB....RR..............GG......YY,SystemControl194,FalseCode194
GGRR..GG..RR....................,SystemControl195,FalseCode195
GG......RR..YY....RR............,SystemControl196,FalseCode196
............YYGG..........YY..GG,SystemControl197,FalseCode197
....YY..RR..BB....BB............,SystemControl2,FalseCode2
........RRGG......GG........RR..,SystemControl20,FalseCode20
....YYYY......YY..........YY....,SystemControl21,FalseCode21
YY............GG..GGBB..........,SystemControl22,FalseCode22
RR....................YYBB..BB..,SystemControl23,FalseCode23
............YY..YY..YY..YY......,SystemControl24,FalseCode24
..........RR..............BBYYRR,SystemControl25,FalseCode25
YY..BB............RR..BB........,SystemControl26,FalseCode26
..GG............BBBB....YY......,SystemControl27,FalseCode27
..GG........BB......YY....RR....,SystemControl28,FalseCode28
RR..........GG........GG....RR..,SystemControl29,FalseCode29
......YY..GG....BB............BB,SystemControl3,FalseCode3
..............YY....YYBBYY......,SystemControl30,FalseCode30
RR......RR..GG................YY,SystemControl31,FalseCode31
........GG............BB..BB..RR,SystemControl32,FalseCode32
....RRGG..........BB..........RR,SystemControl33,FalseCode33
..........YYYYYY......BB........,SystemControl34,FalseCode34
RR....GG....................RRRR,SystemControl35,FalseCode35
RR......RR......GG......GG......,SystemControl36,FalseCode36
..GG..BB............RR......YY..,SystemControl37,FalseCode37
RR..YY........BB..........RR....,SystemControl38,FalseCode38
..RRGG....GG......GG............,SystemControl39,FalseCode39
..BBRR..............RR....YY....,SystemControl4,FalseCode4
........RR..BBRR....YY..........,SystemControl40,FalseCode40
YY..............YY..YY....RR....,SystemControl41,FalseCode41
........RR....YY......GG......RR,SystemControl42,FalseCode42
..BB........RR......RR......RR..,SystemControl43,FalseCode43
YY..GG..RR..................RR..,SystemControl44,FalseCode44
......RR....RR....GGRR..........,SystemControl45,FalseCode45
..GG....GG....YY............RR..,SystemControl46,FalseCode46
....BB......BB......BB....BB....,SystemControl47,FalseCode47
..GG....GGBB..........GG........,SystemControl48,FalseCode48
BB....RR..GG......GG............,SystemControl49,FalseCode49
......BB........GG........YY..YY,SystemControl5,FalseCode5
..............YYBB....YYBB......,SystemControl50,FalseCode50
YY............YYYY............GG,SystemControl51,FalseCode51
BB..GGGG..................BB....,SystemControl52,FalseCode52
..RR..YY..........GG..RR........,SystemControl53,FalseCode53
..........RR........GG..BBBB....,SystemControl54,FalseCode54
..GG....GG..........YY..YY......,SystemControl55,FalseCode55
....RR....BB..............YY..GG,SystemControl56,FalseCode56
..GG....................GGGGGG..,SystemControl57,FalseCode57
YY..YY..............YY........GG,SystemControl58,FalseCode58
......GGRR..BB..RR..............,SystemControl59,FalseCode59
RR..........RR......RR....YY....,SystemControl6,FalseCode6
GG......RR....YY....GG..........,SystemControl60,FalseCode60
..BB..........BB..........YY..BB,SystemControl61,FalseCode61
........RRRR..........RR..RR....,SystemControl62,FalseCode62
BB....RR....RR..............RR..,SystemControl63,FalseCode63
..RR....RR..BB..............YY..,SystemControl64,FalseCode64
BB..............BB......GG....YY,SystemControl65,FalseCode65
....YY........GG..GG..BB........,SystemControl66,FalseCode66
....YYGG..............YYBB......,SystemControl67,FalseCode67
RR....GG..YY..............RR....,SystemControl68,FalseCode68
......YYYY..................RRYY,SystemControl69,FalseCode69
........GG..RRBB............YY..,SystemControl7,FalseCode7
......YY..GG..........RR....RR..,SystemControl70,FalseCode70
........BBYYYY......BB..........,SystemControl71,FalseCode71
BB..YYBB............RR..........,SystemControl72,FalseCode72
..BB......YYYY..YY..............,SystemControl73,FalseCode73
GG..................BB......YYYY,SystemControl74,FalseCode74
..YY..........GG..RR......BB....,SystemControl75,FalseCode75
....BB............RR......BBYY..,SystemControl76,FalseCode76
..YY..........RR..........YYRR..,SystemControl77,FalseCode77
......YY......GGBBBB............,SystemControl78,FalseCode78
..........BB........YY......RRYY,SystemControl79,FalseCode79
................BB......YYBBBB..,SystemControl8,FalseCode8
..GG........YY..GG..........YY..,SystemControl80,FalseCode80
GG..................BB..BBGG....,SystemControl81,FalseCode81
BB..............YY....RR....RR..,SystemControl82,FalseCode82
........BB......BBYY......RR....,SystemControl83,FalseCode83
..RR........BB..RR............BB,SystemControl84,FalseCode84
..................BB..BBYY..RR..,SystemControl85,FalseCode85
......YYYY....BB..GG............,SystemControl86,FalseCode86
GG............BB....RR......RR..,SystemControl87,FalseCode87
YYBB......GG..............RR....,SystemControl88,FalseCode88
....YYYY....YY..........YY......,SystemControl89,FalseCode89
..................YYYY....YY..BB,SystemControl9,FalseCode9
..RR..YY......BB........YY......,SystemControl90,FalseCode90
YY....YY....RR................YY,SystemControl91,FalseCode91
............BB..RR......BBGG....,SystemControl92,FalseCode92
....YY..............YY..BB..RR..,SystemControl93,FalseCode93
..BB......YY........BB....BB....,SystemControl94,FalseCode94
........RR........YYGG........GG,SystemControl95,FalseCode95
..GG....BB..GG..............GG..,SystemControl96,FalseCode96
..BB......BB......BB..BB........,SystemControl97,FalseCode97
BBRR................RR......BB..,SystemControl98,FalseCode98
......RR......RRGG..........YY..,SystemControl99,FalseCode99
..YYGG................GG..RR....,TACSTD2,TACSTD2
......GGGG........GG........BB..,TAGLN,TAGLN
..GGBB............RRBB..........,TAP1,TAP1
..................GG......BBRRGG,TAP2,TAP2
..GGGG............BB..RR........,TBX21,TBX21
........RR..RR......GGGG........,TCAP,
BB..........BB....GG....BB......,TCF7,BATF3
..RRRR............YY......RR....,TCL1A,TCL1A
....YY..YYGG......RR............,TEK,TEK
BB............RRYY..GG..........,TFEB,TFEB
..GG..RR....GGRR................,TGFB1,TGFB1
..GGGG......GG................BB,TGFB2,TGFB2
RRRR............BB..YY..........,TGFB3,TGFB3
..GG........BBGG............BB..,TGFBR1,TGFBR1
YY..........RR..BB..........YY..,TGFBR2,TGFBR2
RR........BB......YY..........BB,THBS1,THBS1
..YY........RR........RRGG......,THBS2,THBS2
..............BB....GG......BBGG,THSD4,BMX
..BBBB..........RR..........YY..,TIE1,TIE1
..............YYBBYY........GG..,TIGIT,TIGIT
..GGBB..BB......GG..............,TIMP1,TIMP1
......GGGG......YY........RR....,TLR1,TLR1
........GG......BBBB..BB........,TLR2,TLR2
................BB..GGGG....RR..,TLR3,TLR3
..............YY........BBRR..GG,TLR4,TLR4
........RRGG..YY........YY......,TLR5,TLR5
GG..RR........BB..............GG,TLR7,TLR7
..GGBB........YY......GG........,TLR8,TLR8
....RR....GG................BBRR,TM4SF1,TM4SF1
BB....................YY....GGRR,TNF,TNF
..BBGG..........YY..BB..........,TNFAIP6,TNFAIP6
BB....YY............YY..RR......,TNFRSF10A,TNFRSF10A
..RR..BB............YY....YY....,TNFRSF10B,TNFRSF10B
................RR....YYRRRR....,TNFRSF10D,TNFRSF10D
........RR........BB....GG....YY,TNFRSF11A,TNFRSF11A
....GG....BB....BBRR............,TNFRSF11B,TNFRSF11B
....BB..GGGG................YY..,TNFRSF12A,TNFRSF12A
........GG..YYYY....RR..........,TNFRSF13B,TNFRSF13B
........RR..GGGG......YY........,TNFRSF14,TNFRSF14
........YYYY......GG....YY......,TNFRSF17,TNFRSF17
..................RR....GGYY..RR,TNFRSF18,TNFRSF18
........YYGG..........YY......GG,TNFRSF19,TNFRSF19
......BB....GG......BB........BB,TNFRSF1A,TNFRSF1A
............YY....GGYY......BB..,TNFRSF1B,TNFRSF1B
YY............GG..........BB..YY,TNFRSF21,TNFRSF21
..BB..GG................RRRR....,TNFRSF4,TNFRSF4
......GGYY......GGYY............,TNFRSF9,TNFRSF9
....YY....RRYY....YY............,TNFSF10,TNFSF10
......RR......YY........GG....RR,TNFSF12,TNFSF12
..RR....................RRYY..YY,TNFSF13B,TNFSF13B
........GG....BBBB............BB,TNFSF14,TNFSF14
..BB........GG....GG..GG........,TNFSF15,TNFSF15
............GG......BB..YY..RR..,TNFSF4,TNFSF4
......RR..YY..........BB......BB,TNFSF8,TNFSF8
............GGGG............GGRR,TNFSF9,TNFSF9
............RRGGRRGG............,TNNC1,
....GG..YY......GG............YY,TNNT2,
....BB......YYRR..............BB,TNXA/B,KRT6B
............YYRRBB........RR....,TOP2A,TOP2A
............YY....BBGG........BB,TOX,TOX
..............BB......YY..GGRR..,TP53,TP53
................RRBB....GGBB....,TPM1,TPM1
....BB..YY..YY..............GG..,TPM2,TPM2
....GG........BBGG......GG......,TPSAB1/B2,TPSAB1
..YY....GG..BB..........BB......,TPT1,NegPrb18
....YY................BB..RRYY..,TSC22D1,TSC22D1
..............RR....BBBB....YY..,TSHZ2,TSHZ2
....GGRRBBBB....................,TTN,SAA2
..........BB..GG..........BBRR..,TTR,TTR
....GG..BB........BBBB..........,TUBB,TUBB
..............RR..........RRYYBB,TUBB4B,TUBB4B
....GG..............BBBBGG......,TWIST1,TWIST1
........YY........RR......RRRR..,TWIST2,TWIST2
....RRBB............GG..GG......,TXK,TXK
..GG........RRYY....BB..........,TYK2,TYK2
............GG....RR..BB......BB,TYMS,TYMS
..YY..BB............GGGG........,TYROBP,TYROBP
GG..RR............GG......BB....,UBA52,PROK2
YY....RR......GG............BB..,UBE2C,UBE2C
..GGBB......YY..........GG......,UPK3A,UPK3A
......BB......GG......YY..YY....,VCAM1,VCAM1
..GG......YY..........BB....YY..,VCAN,VCAN
....BB......BB..............BBGG,VEGFA,VEGFA
........BBBB..RR..............RR,VEGFB,VEGFB
......RR..GG..RR..........RR....,VEGFC,VEGFC
........BBYY..GG........BB......,VEGFD,VEGFD
GG......GG..RR................RR,VHL,VHL
..........YY........RR..BB....GG,VIM,VIM
BB......................BBRRRR..,VPREB3,VPREB3
GG..GG..............RR....RR....,VSIR,VSIR
......BBYY....GG........GG......,VTN,VTN
..YY..................YY..GG..YY,VWA1,
BB..RR..RR..RR..................,VWF,VWF
..YYYY............GG......YY....,WIF1,WIF1
BB........GG....YY........YY....,WNT10B,WNT10B
........YY....RRYY......BB......,WNT11,WNT11
........RR..........RRRR......BB,WNT3,WNT3
..GG......YYBB....BB............,WNT5A,WNT5A
..........GGRR..............GGGG,WNT5B,WNT5B
..YY........GG............YY..RR,WNT7A,WNT7A
..........YYGG............GGYY..,WNT7B,WNT7B
..........GG..YY......GG..GG....,WNT9A,WNT9A
....YY........RR..YY......BB....,XBP1,XBP1
....GG......YY..BB....GG........,XCL1/2,XCL1
..YY....YYBB....GG..............,XKR4,SUCNR1
....BB......BB........GGBB......,YBX3,YBX3
YYGG........................YYRR,YES1,YES1
GG....RR......YY..........GG....,ZFP36,ZFP36
....BB..BB....YY..............YY,ACP5,ADGRB3
......YYGG............BBGG......,ALOX5AP,CXCL6
..........RRRR........YY..GG....,ATP5F1B,HSD3B2
......YY....BB..GG..........RR..,BASP1,
BB..BB..............GG..BB......,BIRC3,
..............YYRRRRYY..........,BRAF,NRIP3
..RR......GG....GG....BB........,CCDC80,
YYGG............GG........GG....,CCL17,MTRNR2L1
................BB..YY..RRGG....,CCL22,ADGRE1
............GG........BBBB..GG..,CD1C,
BB......YY........RR....RR......,CD22,ADGRG2
..YY....BB....GG......RR........,CD93,XCL2
........YY......RR......YY....GG,COX4I2,MMP10
..YY..BB..YYRR..................,CSPG4,
..........RR..GG......BB....BB..,CSTB,HSPA1B
..RR........BB......RRGG........,CTSD,IFNB1
..GG....RR........RR..........BB,CXCL13,GDF10
..BBRR......................GGBB,DPT,
....RR..........RR........RR..YY,FAP,KRT6C
......YY..BB..RR....BB..........,G0S2,
......RR..........BBYY....BB....,GSK3B,
..YY................RR....RR..BB,HEXB,NegPrb5
RR..................BBRRRR......,HMGCS1,NegPrb12
..BB......YY..........YY......RR,HSPG2,ADORA2A
....GG......YY............GGBB..,IFI6,
YYRRYY..................GG......,INSIG1,NPPB
RR..............BB........BB..GG,ISG15,
..BB....RR....RRRR..............,ITM2B,CCL23
............YYYY........GGBB....,LAMA4,NegPrb14
..................GG..GGRRYY....,LYVE1,
RRGG......BB............YY......,MAP2K1,
............GG......YYRR..YY....,MARCKSL1,GDF6
....YY..BB........YY........GG..,NCAM1,MMP8
GG..RRRR..............RR........,NDUFA4L2,
..BB....GG........GG......BB....,NR2F2,RSPO1
......BB....YY....YY..........YY,NUPR1,ARTN
GG......BB..BB............RR....,PGK1,
BB..........YYBB..............RR,PLCG1,
....BBGG..GG..................GG,PLD3,
......BBRR................YYYY..,PROX1,
YYYY..............GG........RR..,PTEN,
............RR....BBBB......GG..,PXDN,CCL3L3
....RR..........YYGG....GG......,RGS13,TPSB2
....GGBB..........RR....YY......,SLA,
..RRBB........GG..........YY....,SLCO2B1,CXCL2
....YY....YY..BBYY..............,SQLE,
............BBRR..RR........YY..,SRSF2,NegPrb16
GG......................RR..BBRR,TGFBI,TNFSF18
GG....GG......BB..YY............,TPI1,P2RY12
..........RR....BBYY....BB......,ZBTB16,
..RR..RR..........RR......GG....,,GDF9
..............BBBB..YY......YY..,,HCAR3
......RRRR..................BBRR,,HLA-B
